
-- connect as postponement user first
-- ==================================



-- MySQL Script generated by MySQL Workbench
-- Wed Feb  2 00:56:17 2022
-- Model: New Model    Version: 1.0
-- MySQL Workbench Forward Engineering

SET @OLD_UNIQUE_CHECKS=@@UNIQUE_CHECKS, UNIQUE_CHECKS=0;
SET @OLD_FOREIGN_KEY_CHECKS=@@FOREIGN_KEY_CHECKS, FOREIGN_KEY_CHECKS=0;
SET @OLD_SQL_MODE=@@SQL_MODE, SQL_MODE='ONLY_FULL_GROUP_BY,STRICT_TRANS_TABLES,NO_ZERO_IN_DATE,NO_ZERO_DATE,ERROR_FOR_DIVISION_BY_ZERO,NO_ENGINE_SUBSTITUTION';

-- -----------------------------------------------------
-- Schema postponement
-- -----------------------------------------------------

-- -----------------------------------------------------
-- Table `office`
-- -----------------------------------------------------
DROP TABLE IF EXISTS `office` ;

CREATE TABLE IF NOT EXISTS `office` (
  `id` INT NOT NULL AUTO_INCREMENT,
  `description` VARCHAR(50) NOT NULL,
  `phone` VARCHAR(14) NULL,
  `enabled` INT NOT NULL DEFAULT 1,
  PRIMARY KEY (`id`),
  UNIQUE INDEX `description_UNIQUE` (`description` ASC) VISIBLE)
ENGINE = InnoDB
AUTO_INCREMENT = 1;


-- -----------------------------------------------------
-- Table `user`
-- -----------------------------------------------------
DROP TABLE IF EXISTS `user` ;

CREATE TABLE IF NOT EXISTS `user` (
  `username` VARCHAR(50) NOT NULL,
  `password` VARCHAR(255) NOT NULL,
  `enabled` INT NOT NULL DEFAULT 1,
  `firstname` VARCHAR(50) NOT NULL,
  `lastname` VARCHAR(50) NOT NULL,
  `asm` INT NULL,
  `office` INT NOT NULL,
  PRIMARY KEY (`username`),
  INDEX `fk_user_office_office_idx` (`office` ASC) INVISIBLE,
  CONSTRAINT `fk_user_office_office`
    FOREIGN KEY (`office`)
    REFERENCES `office` (`id`)
    ON DELETE NO ACTION
    ON UPDATE NO ACTION)
ENGINE = InnoDB;


-- -----------------------------------------------------
-- Table `reason`
-- -----------------------------------------------------
DROP TABLE IF EXISTS `reason` ;

CREATE TABLE IF NOT EXISTS `reason` (
  `id` INT NOT NULL AUTO_INCREMENT,
  `description` VARCHAR(50) NOT NULL,
  `enabled` INT NOT NULL DEFAULT 1,
  PRIMARY KEY (`id`),
  UNIQUE INDEX `description_UNIQUE` (`description` ASC) VISIBLE)
ENGINE = InnoDB
AUTO_INCREMENT = 1;


-- -----------------------------------------------------
-- Table `postponement`
-- -----------------------------------------------------
DROP TABLE IF EXISTS `postponement` ;

CREATE TABLE IF NOT EXISTS `postponement` (
  `id` INT NOT NULL AUTO_INCREMENT,
  `date` DATETIME NULL,
  `time` DATETIME NULL,
  `office` INT NOT NULL DEFAULT 1,
  `office_descr` VARCHAR(50) NULL,
  `reason` INT NOT NULL DEFAULT 1,
  `reason_descr` VARCHAR(50) NULL,
  `file` VARCHAR(255) NULL,
  `status` INT NOT NULL DEFAULT 0,
  `user_in` VARCHAR(50) NOT NULL,
  `comment_in` VARCHAR(255) NULL,
  `user_valid` VARCHAR(50) NULL,
  `comment_valid` VARCHAR(255) NULL,
  `user_approved` VARCHAR(50) NULL,
  `comment_approved` VARCHAR(255) NULL,
  PRIMARY KEY (`id`),
  INDEX `fk_postponement_user_uservalid_idx` (`user_valid` ASC) VISIBLE,
  INDEX `fk_postponement_office_office_idx` (`office` ASC) VISIBLE,
  INDEX `fk_postponement_reason_reason_idx` (`reason` ASC) VISIBLE,
  INDEX `fk_postponement_user_userin_idx` (`user_in` ASC) VISIBLE,
  INDEX `fk_postponement_user_useraprooved_idx` (`user_approved` ASC) INVISIBLE,
  CONSTRAINT `fk_postponement_user_userin`
    FOREIGN KEY (`user_in`)
    REFERENCES `user` (`username`)
    ON DELETE NO ACTION
    ON UPDATE NO ACTION,
  CONSTRAINT `fk_postponement_user_uservalid`
    FOREIGN KEY (`user_valid`)
    REFERENCES `user` (`username`)
    ON DELETE NO ACTION
    ON UPDATE NO ACTION,
  CONSTRAINT `fk_postponement_office_office`
    FOREIGN KEY (`office`)
    REFERENCES `office` (`id`)
    ON DELETE NO ACTION
    ON UPDATE NO ACTION,
  CONSTRAINT `fk_postponement_reason_reason`
    FOREIGN KEY (`reason`)
    REFERENCES `reason` (`id`)
    ON DELETE NO ACTION
    ON UPDATE NO ACTION,
  CONSTRAINT `fk_postponement_user_useraprooved`
    FOREIGN KEY (`user_approved`)
    REFERENCES `user` (`username`)
    ON DELETE NO ACTION
    ON UPDATE NO ACTION)
ENGINE = InnoDB
AUTO_INCREMENT = 1;


-- -----------------------------------------------------
-- Table `authorities`
-- -----------------------------------------------------
DROP TABLE IF EXISTS `authorities` ;

CREATE TABLE IF NOT EXISTS `authorities` (
  `username` VARCHAR(50) NOT NULL,
  `authority` VARCHAR(50) NOT NULL,
  PRIMARY KEY (`username`, `authority`),
  CONSTRAINT `fk_authorities_user_username`
    FOREIGN KEY (`username`)
    REFERENCES `user` (`username`)
    ON DELETE NO ACTION
    ON UPDATE NO ACTION)
ENGINE = InnoDB;


-- -----------------------------------------------------
-- Table `role`
-- -----------------------------------------------------
DROP TABLE IF EXISTS `role` ;

CREATE TABLE IF NOT EXISTS `role` (
  `id` INT NOT NULL AUTO_INCREMENT,
  `description` VARCHAR(50) NOT NULL,
  `enabled` INT NOT NULL DEFAULT 1,
  PRIMARY KEY (`id`),
  UNIQUE INDEX `description_UNIQUE` (`description` ASC) VISIBLE)
ENGINE = InnoDB
AUTO_INCREMENT = 1;


-- -----------------------------------------------------
-- Data for table `office`
-- -----------------------------------------------------
START TRANSACTION;
INSERT INTO `office` (`id`, `description`, `phone`, `enabled`) VALUES (1, 'Office Admin', NULL, 1);
INSERT INTO `office` (`id`, `description`, `phone`, `enabled`) VALUES (2, 'Office2', '123456789', 1);
INSERT INTO `office` (`id`, `description`, `phone`, `enabled`) VALUES (3, 'Office3', '777777777', 1);

COMMIT;


-- -----------------------------------------------------
-- Data for table `user`
-- -----------------------------------------------------
START TRANSACTION;
INSERT INTO `user` (`username`, `password`, `enabled`, `firstname`, `lastname`, `asm`, `office`) VALUES ('stratos', '$2a$04$DR/f..s1siWJc8Xg3eJgpeB28a4V6kYpnkMPeOuq4rLQ42mJUYFGC', 1, 'Stratos', 'StratosO', 123, 2);
INSERT INTO `user` (`username`, `password`, `enabled`, `firstname`, `lastname`, `asm`, `office`) VALUES ('pavlos', '$2a$04$DR/f..s1siWJc8Xg3eJgpeB28a4V6kYpnkMPeOuq4rLQ42mJUYFGC', 1, 'Pavlos', 'PavlosA', 456, 2);
INSERT INTO `user` (`username`, `password`, `enabled`, `firstname`, `lastname`, `asm`, `office`) VALUES ('politis3', '$2a$04$DR/f..s1siWJc8Xg3eJgpeB28a4V6kYpnkMPeOuq4rLQ42mJUYFGC', 1, 'Politis3', 'PolitisOffice3', 789, 3);
INSERT INTO `user` (`username`, `password`, `enabled`, `firstname`, `lastname`, `asm`, `office`) VALUES ('ypallilos2', '$2a$04$DR/f..s1siWJc8Xg3eJgpeB28a4V6kYpnkMPeOuq4rLQ42mJUYFGC', 1, 'Ypallilos2', 'YpallilosOffice2', NULL, 2);
INSERT INTO `user` (`username`, `password`, `enabled`, `firstname`, `lastname`, `asm`, `office`) VALUES ('officer2', '$2a$04$DR/f..s1siWJc8Xg3eJgpeB28a4V6kYpnkMPeOuq4rLQ42mJUYFGC', 1, 'Officer2', 'OfficerOffice2', 100, 2);
INSERT INTO `user` (`username`, `password`, `enabled`, `firstname`, `lastname`, `asm`, `office`) VALUES ('admin', '$2a$04$DR/f..s1siWJc8Xg3eJgpeB28a4V6kYpnkMPeOuq4rLQ42mJUYFGC', 1, 'Admin', 'Admin', NULL, 1);

COMMIT;


-- -----------------------------------------------------
-- Data for table `reason`
-- -----------------------------------------------------
START TRANSACTION;
INSERT INTO `reason` (`id`, `description`, `enabled`) VALUES (1, 'Reason Admin', 1);
INSERT INTO `reason` (`id`, `description`, `enabled`) VALUES (2, 'Studies', 1);
INSERT INTO `reason` (`id`, `description`, `enabled`) VALUES (3, 'Health', 1);

COMMIT;


-- -----------------------------------------------------
-- Data for table `postponement`
-- -----------------------------------------------------
START TRANSACTION;
INSERT INTO `postponement` (`id`, `date`, `time`, `office`, `office_descr`, `reason`, `reason_descr`, `file`, `status`, `user_in`, `comment_in`, `user_valid`, `comment_valid`, `user_approved`, `comment_approved`) VALUES (1, '2022/01/13 00:00:00', '2022/01/13 21:21:21', 2, 'Office2', 2, 'Studies', '1.pdf', 0, 'stratos', NULL, NULL, NULL, NULL, NULL);
INSERT INTO `postponement` (`id`, `date`, `time`, `office`, `office_descr`, `reason`, `reason_descr`, `file`, `status`, `user_in`, `comment_in`, `user_valid`, `comment_valid`, `user_approved`, `comment_approved`) VALUES (2, '2022/01/13 00:00:00', '2022/01/13 22:22:22', 2, 'Office2', 3, 'Health', '2.pdf', 0, 'pavlos', NULL, NULL, NULL, NULL, NULL);
INSERT INTO `postponement` (`id`, `date`, `time`, `office`, `office_descr`, `reason`, `reason_descr`, `file`, `status`, `user_in`, `comment_in`, `user_valid`, `comment_valid`, `user_approved`, `comment_approved`) VALUES (3, '2022/01/13 00:00:00', '2022/01/13 23:23:23', 3, 'Office3', 3, 'Health', '3.pdf', 0, 'politis3', NULL, NULL, NULL, NULL, NULL);

COMMIT;


-- -----------------------------------------------------
-- Data for table `authorities`
-- -----------------------------------------------------
START TRANSACTION;
INSERT INTO `authorities` (`username`, `authority`) VALUES ('stratos', 'ROLE_POLITIS');
INSERT INTO `authorities` (`username`, `authority`) VALUES ('pavlos', 'ROLE_POLITIS');
INSERT INTO `authorities` (`username`, `authority`) VALUES ('politis3', 'ROLE_POLITIS');
INSERT INTO `authorities` (`username`, `authority`) VALUES ('ypallilos2', 'ROLE_YPALLILOS');
INSERT INTO `authorities` (`username`, `authority`) VALUES ('officer2', 'ROLE_OFFICER');
INSERT INTO `authorities` (`username`, `authority`) VALUES ('admin', 'ROLE_ADMIN');

COMMIT;


-- -----------------------------------------------------
-- Data for table `role`
-- -----------------------------------------------------
START TRANSACTION;
INSERT INTO `role` (`id`, `description`, `enabled`) VALUES (1, 'ROLE_ADMIN', 1);
INSERT INTO `role` (`id`, `description`, `enabled`) VALUES (2, 'ROLE_POLITIS', 1);
INSERT INTO `role` (`id`, `description`, `enabled`) VALUES (3, 'ROLE_YPALLILOS', 1);
INSERT INTO `role` (`id`, `description`, `enabled`) VALUES (4, 'ROLE_OFFICER', 1);

COMMIT;


SET SQL_MODE=@OLD_SQL_MODE;
SET FOREIGN_KEY_CHECKS=@OLD_FOREIGN_KEY_CHECKS;
SET UNIQUE_CHECKS=@OLD_UNIQUE_CHECKS;
